{
    "H": {
        "basis": {
            "1s1": [
                [
                    1.68856e-1,
                    4.44635e-1
                ],
                [
                    6.23913e-1,
                    5.35328e-1
                ],
                [
                    3.42525e+0,
                    1.54329e-1
                ]
            ]
        }
    },
    "He": {
        "basis": {
            "1s1": [
                [
                    0.313650,
                    0.444635
                ],
                [
                    1.158923,
                    0.535328
                ],
                [
                    6.362421,
                    0.154329
                ]
            ]
        }
    },
    "Li": {
        "basis": {
            "1s1": [
                [
                    16.119575,
                    0.154329
                ],
                [
                    2.936201,
                    0.535328
                ],
                [
                    0.794650,
                    0.444635
                ]
            ],
            "2s1": [
                [
                    0.636290,
                    -0.099967
                ],
                [
                    0.147860,
                    0.399513
                ],
                [
                    0.048089,
                    0.700115
                ]
            ],
            "2p1": [
                [
                    0.636290,
                    0.155916
                ],
                [
                    0.147860,
                    0.607684
                ],
                [
                    0.048089,
                    0.391957
                ]
            ]
        }
    },
    "Be": {
        "basis": {
            "1s1": [
                [
                    30.167871,
                    0.15432897
                ],
                [
                    5.4951153,
                    0.53532814
                ],
                [
                    1.4871927,
                    0.44463454
                ]
            ],
            "2s1": [
                [
                    1.3148331,
                    -0.09996723
                ],
                [
                    0.3055389,
                    0.39951283
                ],
                [
                    0.0993707,
                    0.70011547
                ]
            ],
            "2p1": [
                [
                    1.3148331,
                    0.15591627
                ],
                [
                    0.3055389,
                    0.60768372
                ],
                [
                    0.0993707,
                    0.39195739
                ]
            ]
        }
    },
    "B": {
        "basis": {
            "1s1": [
                [
                    48.791113,
                    0.154329
                ],
                [
                    8.887362,
                    0.535328
                ],
                [
                    2.405267,
                    0.444635
                ]
            ],
            "2s1": [
                [
                    2.236956,
                    -0.099967
                ],
                [
                    0.519820,
                    0.399513
                ],
                [
                    0.169062,
                    0.700115
                ]
            ],
            "2p1": [
                [
                    2.236956,
                    0.155916
                ],
                [
                    0.519820,
                    0.607684
                ],
                [
                    0.169062,
                    0.391957
                ]
            ]
        }
    },
    "C": {
        "basis": {
            "1s1": [
                [
                    71.616837,
                    0.154329
                ],
                [
                    13.045096,
                    0.535328
                ],
                [
                    3.530512,
                    0.444635
                ]
            ],
            "2s1": [
                [
                    2.941249,
                    -0.099967
                ],
                [
                    0.683483,
                    0.399513
                ],
                [
                    0.222290,
                    0.700115
                ]
            ],
            "2p1": [
                [
                    2.941249,
                    0.155916
                ],
                [
                    0.683483,
                    0.607684
                ],
                [
                    0.222290,
                    0.391957
                ]
            ]
        }
    },
    "N": {
        "basis": {
            "1s1": [
                [
                    99.106169,
                    0.154329
                ],
                [
                    18.052312,
                    0.535328
                ],
                [
                    4.885660,
                    0.444635
                ]
            ],
            "2s1": [
                [
                    3.780456,
                    -0.099967
                ],
                [
                    0.878497,
                    0.399513
                ],
                [
                    0.285714,
                    0.700115
                ]
            ],
            "2p1": [
                [
                    3.780456,
                    0.155916
                ],
                [
                    0.878497,
                    0.607684
                ],
                [
                    0.285714,
                    0.391957
                ]
            ]
        }
    },
    "O": {
        "basis": {
            "1s1": [
                [
                    130.709321,
                    0.154329
                ],
                [
                    23.808866,
                    0.535328
                ],
                [
                    6.443608,
                    0.444635
                ]
            ],
            "2s1": [
                [
                    5.033151,
                    -0.099967
                ],
                [
                    1.169596,
                    0.399513
                ],
                [
                    0.380389,
                    0.700115
                ]
            ],
            "2p1": [
                [
                    5.033151,
                    0.155916
                ],
                [
                    1.169596,
                    0.607684
                ],
                [
                    0.380389,
                    0.391957
                ]
            ]
        }
    },
    "F": {
        "basis": {
            "1s1": [
                [
                    166.67912999999999,
                    0.15432897000000001
                ],
                [
                    30.360811999999999,
                    0.53532813999999995
                ],
                [
                    8.2168206999999995,
                    0.44463454000000002
                ]
            ],
            "2s1": [
                [
                    6.4648032000000004,
                    -0.099967230000000004
                ],
                [
                    1.5022812000000001,
                    0.39951282999999999
                ],
                [
                    0.48858849999999998,
                    0.70011546999999996
                ]
            ],